Id,Prenom,Nom,Mdp,RÃ´le
1001,Octavia,Blake,U9nh4W,User
1002,Bellamy,Blake,2Nn2Ja,Admin
1003,Abigail,Griffin,v8G2Zc,User
1004,Finn,Collins,N98rqT,User
1005,Jasper,Jordan,8Ltk4R,User
1006,Raven,Reyes,n45RQz,Admin
1007,Monty,Green,Y3yzP4,User
1008,Clarke,Griffin,f56SxP,Admin
1009,Marcus,Jane,bNw4T9,User
1010,John,Murphy,zT5fH2,User
1011,Wells,Jaha,z4b5RJ,User
1012,Maddy,Griffin,9jqW9F,Admin
1013,Walid,tyret,5ts54,Admin
1014,Mathis,riznguigqn,5zfz51,Admin
1015,Kevin,zngziungzi,5z1z41g4,Admin
1016,Maxime,nzignuizni,54zgzzg,Admin
1017,Alicia,nbhbnehb,44ebe4,Admin
1018,Maxence,ehgbhzb,5zg4zg4,Admin
1019,London,engjnqiugn,6geqge,Admin